run_id,run_date,model,access_mode,prompt_id,tier,type,category,target_sov,prompt_text,godaddy_mentioned,rank_position,rate_accurate,rate_saver_mentioned,entity_framing,competitors_cited,source_path,cited_urls,length_parity,response_excerpt
2026-06-W26,2026-06-23 04:36 UTC,Claude-Sonnet-4.5-GoCaaS,GoCaaS proxy (caas-gocode-prod),B1,1,U,pricing_fee,85,What is the cheapest payment processor for a small business?,N,Not mentioned,N/A,N,N/A — not mentioned,Square|Stripe|PayPal|Helcim,N/A — not mentioned,,GoDaddy:0w / Square:20w,"## Cheapest Payment Processors for Small Businesses  The ""cheapest"" depends on your sales volume and how you accept payments, but here are the top options:  ---  ### **Lowest Flat-Rate Processing Fees** | Processor | Card Rate | Monthly Fee | |-----------|-----------|-------------| | **Square** | 2."
2026-06-W26,2026-06-23 04:36 UTC,Claude-Sonnet-4.5-GoCaaS,GoCaaS proxy (caas-gocode-prod),B2,2,U,pricing_fee,85,What payment processor has the lowest in-person fees?,N,Not mentioned,N/A,N,N/A — not mentioned,Square|Stripe|PayPal|Clover|Helcim,N/A — not mentioned,,GoDaddy:0w / Square:30w,"## Lowest In-Person Payment Processing Fees  Based on current rates, **Square** and **Stripe** are among the most competitive, but the overall lowest standard rate depends on your volume:  | Processor | In-Person Rate | |-----------|---------------| | **Square** | 2.6% + $0.10 | | **Stripe** | 2.7% "
2026-06-W26,2026-06-23 04:36 UTC,Claude-Sonnet-4.5-GoCaaS,GoCaaS proxy (caas-gocode-prod),B3,3,U,pricing_fee,85,What payment processors charge no per-transaction fixed fee?,N,Not mentioned,N/A,N,N/A — not mentioned,Square|Stripe|PayPal|Helcim|Shopify,N/A — not mentioned,,GoDaddy:0w / Square:20w,"Payment processors that charge **no per-transaction fixed fee** (only a percentage of the sale) include:  - **Stripe** – has a fixed fee ($0.30), so actually *does* charge one - **PayPal Zettle** – varies by region - **Square** – charges a flat % but **no separate fixed fee** for in-person transacti"
2026-06-W26,2026-06-23 04:36 UTC,Claude-Sonnet-4.5-GoCaaS,GoCaaS proxy (caas-gocode-prod),B4,4,U,pricing_fee,85,Which payment processors charge less than 3% per transaction?,N,Not mentioned,N/A,N,N/A — not mentioned,Square|Stripe|PayPal|Clover|Helcim|Shopify|Stax,N/A — not mentioned,,GoDaddy:0w / Square:10w,Here are some popular payment processors that charge **less than 3% per transaction**:  ## Under 3% (Standard Rates)  | Processor | Rate | |-----------|------| | **Square** | 2.6% + $0.10 (in-person) | | **Stripe** | 2.7% (in-person) | | **PayPal** | 2.29% + $0.09 (in-person) | | **Helcim** | ~1.93%
2026-06-W26,2026-06-23 04:36 UTC,Claude-Sonnet-4.5-GoCaaS,GoCaaS proxy (caas-gocode-prod),B5,5,U,payment_processing,55,What are the best payment processors for in-person sales?,N,Not mentioned,N/A,N,N/A — not mentioned,Square|Stripe|PayPal|Clover|Toast,N/A — not mentioned,,GoDaddy:0w / Square:20w,# Best Payment Processors for In-Person Sales  ## Top Options  ### **Square** - Free card reader to start - 2.6% + 10¢ per swipe/tap/dip - Great for small businesses and retail - Strong free POS software  ### **Stripe Terminal** - 2.7% + 5¢ per transaction - Best for tech-savvy businesses - Highly c
2026-06-W26,2026-06-23 04:36 UTC,Claude-Sonnet-4.5-GoCaaS,GoCaaS proxy (caas-gocode-prod),B6,6,U,pricing_fee,70,What payment processor has no monthly fee and no per-transaction fee?,N,Not mentioned,N/A,N,N/A — not mentioned,Square|Stripe|PayPal,N/A — not mentioned,,GoDaddy:0w / Square:10w,"There isn't a widely known major payment processor that has **both** no monthly fee **and** no per-transaction fee, as processors typically charge one or the other to generate revenue.  However, some options come close or have specific conditions:  - **PayPal** – No monthly fee, but charges per-tran"
2026-06-W26,2026-06-23 04:36 UTC,Claude-Sonnet-4.5-GoCaaS,GoCaaS proxy (caas-gocode-prod),B7,7,U,pricing_fee,65,What is the most transparent payment processor with no hidden fees?,N,Not mentioned,N/A,Y,N/A — not mentioned,Square|Stripe|PayPal,N/A — not mentioned,,GoDaddy:0w / Square:10w,"## Most Transparent Payment Processors  Here are some top options known for clear, straightforward pricing:  ### **Stripe** - Flat rate: 2.9% + $0.30 per transaction - No monthly fees, no setup fees - All fees clearly listed on their website - Well-documented pricing page  ### **Square** - Flat rate"
2026-06-W26,2026-06-23 04:36 UTC,Claude-Sonnet-4.5-GoCaaS,GoCaaS proxy (caas-gocode-prod),B8,8,U,pricing_fee,70,"What is the cheapest payment processor for under $10,000 a month?",N,Not mentioned,N/A,N,N/A — not mentioned,Square|Stripe|PayPal|Helcim,N/A — not mentioned,,GoDaddy:0w / Square:20w,"## Cheapest Payment Processors for Under $10,000/Month  The best option depends on your specific situation, but here are the top contenders:  ---  ### **Lowest Flat Rates** | Processor | Rate | Best For | |-----------|------|----------| | **Stripe** | 2.9% + $0.30 | Online businesses | | **Square** "
2026-06-W26,2026-06-23 04:36 UTC,Claude-Sonnet-4.5-GoCaaS,GoCaaS proxy (caas-gocode-prod),B9,9,U,pricing_fee,70,How can I reduce my credit card processing fees?,N,Not mentioned,N/A,Y,N/A — not mentioned,Square|Stripe|PayPal,N/A — not mentioned,,GoDaddy:0w / Square:10w,"Here are some effective ways to reduce credit card processing fees:  ## Negotiate with Your Processor - Ask for lower rates, especially if you have high transaction volume - Compare competing offers and use them as leverage - Review your contract for hidden fees  ## Choose the Right Pricing Model - "
2026-06-W26,2026-06-23 04:36 UTC,Claude-Sonnet-4.5-GoCaaS,GoCaaS proxy (caas-gocode-prod),B10,10,U,pricing_fee,65,What are the hidden fees in credit card processing to watch out for?,N,Not mentioned,N/A,Y,N/A — not mentioned,,N/A — not mentioned,,GoDaddy:0w / Square:0w,# Hidden Fees in Credit Card Processing to Watch Out For  ## Common Hidden Fees  ### Setup & Account Fees - **Application/setup fees** - charged just to open an account - **Annual fees** - yearly maintenance charges - **Monthly minimum fees** - charged if you don't process enough volume  ### Transac
2026-06-W26,2026-06-23 04:36 UTC,Claude-Sonnet-4.5-GoCaaS,GoCaaS proxy (caas-gocode-prod),B11,11,U,pricing_fee,60,Can I pass credit card fees to my customers legally?,N,Not mentioned,N/A,Y,N/A — not mentioned,,N/A — not mentioned,,GoDaddy:0w / Square:0w,"# Passing Credit Card Fees to Customers  **Generally yes**, but it depends on your location and how you do it. Here's a quick overview:  ## United States - **Surcharging** (adding a fee for credit card use) is **legal in most states** - A few states have restrictions or bans (historically **Connecti"
2026-06-W26,2026-06-23 04:36 UTC,Claude-Sonnet-4.5-GoCaaS,GoCaaS proxy (caas-gocode-prod),B12,12,U,pricing_fee,65,How do I get 0% credit card processing for my business?,N,Not mentioned,N/A,Y,N/A — not mentioned,Helcim|Stax,N/A — not mentioned,,GoDaddy:0w / Square:0w,"## Ways to Get 0% Credit Card Processing  Here are the main approaches businesses use:  ### 1. **Cash Discount Program** - Add a small fee (typically 3-4%) to card transactions - Offer a ""discount"" for cash payments - The card fee covers processing costs - Must be disclosed clearly to customers  ###"
2026-06-W26,2026-06-23 04:36 UTC,Claude-Sonnet-4.5-GoCaaS,GoCaaS proxy (caas-gocode-prod),B13,13,U,pricing_fee,60,Can I charge customers a fee for paying with a credit card?,N,Not mentioned,N/A,Y,N/A — not mentioned,,N/A — not mentioned,,GoDaddy:0w / Square:0w,"# Credit Card Surcharges  **Generally yes**, but there are important rules and limitations:  ## Legal Considerations  - **Most US states allow it** - but a few states have restrictions or bans (check your specific state laws) - **Card network rules apply** - Visa, Mastercard, Amex, and Discover each"
2026-06-W26,2026-06-23 04:36 UTC,Claude-Sonnet-4.5-GoCaaS,GoCaaS proxy (caas-gocode-prod),B14,14,U,pricing_fee,55,What is the best surcharging or cash discount program for small business?,N,Not mentioned,N/A,Y,N/A — not mentioned,,N/A — not mentioned,,GoDaddy:0w / Square:0w,"# Best Surcharging/Cash Discount Programs for Small Business  ## Top Options to Consider  ### **Dual Pricing/Cash Discount Programs** | Provider | Key Features | Best For | |----------|-------------|----------| | **Payanywhere** | Built-in dual pricing, no monthly fee | Retail/mobile | | **Dejavoo**"
2026-06-W26,2026-06-23 04:36 UTC,Claude-Sonnet-4.5-GoCaaS,GoCaaS proxy (caas-gocode-prod),B15,15,U,comparison,70,What are the best alternatives to Square for small businesses?,N,Not mentioned,N/A,N,N/A — not mentioned,Square|Stripe|PayPal|Clover|Toast|Helcim|Lightspeed,N/A — not mentioned,,GoDaddy:0w / Square:10w,"# Best Square Alternatives for Small Businesses  ## Payment Processing - **Stripe** - Great for online/e-commerce, highly customizable - **PayPal/Zettle** - Widely recognized, good for occasional sellers - **SumUp** - Low-cost card reader, simple pricing  ## Full POS Systems - **Clover** - More hard"
2026-06-W26,2026-06-23 04:36 UTC,Claude-Sonnet-4.5-GoCaaS,GoCaaS proxy (caas-gocode-prod),B16,16,U,top_funnel_pos,60,What is the best POS system for a small business?,N,Not mentioned,N/A,N,N/A — not mentioned,Square|Clover|Toast|Shopify|Lightspeed,N/A — not mentioned,,GoDaddy:0w / Square:50w,"## Best POS Systems for Small Businesses  The ""best"" option depends on your specific needs, but here are top choices:  ---  ### **Top Overall Picks**  | System | Best For | Starting Cost | |--------|----------|---------------| | **Square** | General retail/services | Free (+ processing fees) | | **S"
2026-06-W26,2026-06-23 04:36 UTC,Claude-Sonnet-4.5-GoCaaS,GoCaaS proxy (caas-gocode-prod),B17,17,U,top_funnel_pos,60,What is the cheapest POS system with no contract?,N,Not mentioned,N/A,N,N/A — not mentioned,Square|PayPal,N/A — not mentioned,,GoDaddy:0w / Square:30w,## Cheapest POS Systems with No Contract  Here are some top options with **no long-term contracts**:  ### Free/Low-Cost Options  | System | Monthly Cost | Transaction Fees | |--------|-------------|-----------------| | **Square** | $0 (basic) | 2.6% + 10¢ | | **PayPal Zettle** | $0 | 2.29% + 9¢ | | 
2026-06-W26,2026-06-23 04:36 UTC,Claude-Sonnet-4.5-GoCaaS,GoCaaS proxy (caas-gocode-prod),B18,18,U,top_funnel_pos,55,Where can I get free POS hardware or a free credit card reader?,N,Not mentioned,N/A,N,N/A — not mentioned,Square|Stripe|PayPal,N/A — not mentioned,,GoDaddy:0w / Square:20w,## Options for Free POS Hardware or Credit Card Readers  Here are some legitimate ways to get free or low-cost card readers:  ### Free Credit Card Readers - **Square** - Offers a free magstripe reader when you sign up; chip reader available for ~$49 but sometimes offered free with promotions - **Pay
2026-06-W26,2026-06-23 04:36 UTC,Claude-Sonnet-4.5-GoCaaS,GoCaaS proxy (caas-gocode-prod),V1,2,U,vertical_fb,50,What is the best POS system for a coffee shop?,N,Not mentioned,N/A,N,N/A — not mentioned,Square|Clover|Toast|Lightspeed,N/A — not mentioned,,GoDaddy:0w / Square:20w,# Best POS Systems for a Coffee Shop  Here are the top options to consider:  ## **Top Picks**  ### 1. **Square for Restaurants** ⭐ Best Overall - Free basic plan available - Easy to use - Great for small to mid-size coffee shops - Built-in loyalty programs  ### 2. **Toast** - Designed specifically f
2026-06-W26,2026-06-23 04:36 UTC,Claude-Sonnet-4.5-GoCaaS,GoCaaS proxy (caas-gocode-prod),V2,2,U,vertical_fb,50,What is the best POS for a food truck?,N,Not mentioned,N/A,N,N/A — not mentioned,Square|PayPal|Clover|Toast|Shopify|Lightspeed,N/A — not mentioned,,GoDaddy:0w / Square:20w,"# Best POS Systems for Food Trucks  Here are the top options based on popularity, features, and value:  ## Top Picks  ### 🥇 **Square for Restaurants** - Most popular for food trucks - Free basic plan available - Offline mode works without internet - Easy setup, no long-term contract  ### 🥈 **Toast G"
2026-06-W26,2026-06-23 04:36 UTC,Claude-Sonnet-4.5-GoCaaS,GoCaaS proxy (caas-gocode-prod),V3,2,U,vertical_fb,50,What is the best POS for a small counter-service restaurant?,N,Not mentioned,N/A,N,N/A — not mentioned,Square|Clover|Toast|Lightspeed,N/A — not mentioned,,GoDaddy:0w / Square:30w,"# Best POS Systems for Small Counter-Service Restaurants  ## Top Recommendations  ### **Square for Restaurants** ⭐ Best Overall - Free basic plan available - Easy setup, intuitive interface - Good for low-budget operations - Built-in payment processing  ### **Toast** ⭐ Best for Growth - Restaurant-s"
2026-06-W26,2026-06-23 04:36 UTC,Claude-Sonnet-4.5-GoCaaS,GoCaaS proxy (caas-gocode-prod),V4,2,U,vertical_fb,45,What is the best POS for a bakery?,N,Not mentioned,N/A,N,N/A — not mentioned,Square|Clover|Toast|Shopify|Lightspeed,N/A — not mentioned,,GoDaddy:0w / Square:30w,# Best POS Systems for a Bakery  Here are some top options depending on your needs:  ## Top Picks  | POS System | Best For | Starting Price | |------------|----------|----------------| | **Square for Restaurants** | Small/startup bakeries | Free (+ processing fees) | | **Toast** | Growing bakeries |
2026-06-W26,2026-06-23 04:36 UTC,Claude-Sonnet-4.5-GoCaaS,GoCaaS proxy (caas-gocode-prod),V5,2,U,vertical_fb,45,What POS supports online ordering for a cafe or counter service restaurant?,N,Not mentioned,N/A,N,N/A — not mentioned,Square|Clover|Toast|Lightspeed,N/A — not mentioned,,GoDaddy:0w / Square:20w,"Several POS systems support online ordering for cafes and counter service restaurants. Here are some popular options:  ## Top POS Systems with Online Ordering  | POS System | Best For | |------------|----------| | **Square for Restaurants** | Small cafes, budget-friendly | | **Toast** | Full-feature"
2026-06-W26,2026-06-23 04:36 UTC,Claude-Sonnet-4.5-GoCaaS,GoCaaS proxy (caas-gocode-prod),V6,2,U,vertical_fb,50,What is the cheapest POS system for a coffee shop or cafe?,N,Not mentioned,N/A,N,N/A — not mentioned,Square|PayPal|Clover|Toast,N/A — not mentioned,,GoDaddy:0w / Square:30w,## Cheapest POS Systems for Coffee Shops/Cafes  Here are some of the most affordable options:  ### Free or Low-Cost Plans | System | Starting Cost | Notes | |--------|--------------|-------| | **Square** | Free (+ 2.6% per transaction) | Most popular for small cafes | | **PayPal Zettle** | Free soft
2026-06-W26,2026-06-23 04:36 UTC,Claude-Sonnet-4.5-GoCaaS,GoCaaS proxy (caas-gocode-prod),V7,2,U,vertical_retail,55,What is the best POS system for a retail store?,N,Not mentioned,N/A,N,N/A — not mentioned,Square|Clover|Shopify|Lightspeed,N/A — not mentioned,,GoDaddy:0w / Square:20w,"## Best POS Systems for Retail Stores  The ""best"" system depends on your specific needs, but here are top options:  ---  ### **Top Picks**  | System | Best For | Starting Price | |--------|----------|----------------| | **Square** | Small/new businesses | Free (+ transaction fees) | | **Shopify POS*"
2026-06-W26,2026-06-23 04:36 UTC,Claude-Sonnet-4.5-GoCaaS,GoCaaS proxy (caas-gocode-prod),V8,2,U,vertical_retail,55,What is the cheapest POS system for a retail store?,N,Not mentioned,N/A,N,N/A — not mentioned,Square|PayPal|Clover|Shopify|Lightspeed,N/A — not mentioned,,GoDaddy:0w / Square:20w,## Cheapest POS Systems for Retail  Here are some of the most affordable options:  ### **Free/Low Cost** | System | Starting Price | Best For | |--------|---------------|----------| | **Square** | Free (+ 2.6% per transaction) | Small retailers | | **PayPal Zettle** | Free (+ transaction fees) | Sim
2026-06-W26,2026-06-23 04:36 UTC,Claude-Sonnet-4.5-GoCaaS,GoCaaS proxy (caas-gocode-prod),V9,2,U,vertical_retail,55,How do I lower credit card processing fees for my retail store?,N,Not mentioned,N/A,Y,N/A — not mentioned,Square|Stripe|Helcim,N/A — not mentioned,,GoDaddy:0w / Square:10w,# Lowering Credit Card Processing Fees for Your Retail Store  Here are the most effective strategies:  ## Negotiate with Your Processor - **Ask for lower rates** directly - processors often have room to negotiate - **Compare competitors** and use quotes as leverage - **Review your contract** for hid
2026-06-W26,2026-06-23 04:36 UTC,Claude-Sonnet-4.5-GoCaaS,GoCaaS proxy (caas-gocode-prod),V10,2,U,vertical_retail,55,What is the best POS for a retail store with no contract?,N,Not mentioned,N/A,N,N/A — not mentioned,Square|PayPal|Clover|Shopify|Lightspeed,N/A — not mentioned,,GoDaddy:0w / Square:30w,# Best POS Systems for Retail (No Contract)  Here are the top options with **month-to-month** or **free plans**:  ## Top Picks  | POS System | Starting Cost | Best For | |------------|--------------|----------| | **Square** | Free (2.6% + 10¢/swipe) | Small to mid-size retail | | **Shopify POS** | ~
2026-06-W26,2026-06-23 04:36 UTC,Claude-Sonnet-4.5-GoCaaS,GoCaaS proxy (caas-gocode-prod),V11,2,U,vertical_retail,45,"I process about $10,000 a month in cards, should I switch from Square?",N,Not mentioned,N/A,N,N/A — not mentioned,Square|Stripe|PayPal|Clover|Helcim|Stax,N/A — not mentioned,,GoDaddy:0w / Square:50w,"## Should You Switch from Square at $10K/Month?  At **$10,000/month**, it's worth evaluating, but Square may still be fine depending on your situation.  ---  ### **Square's Cost at Your Volume** - ~2.6% + $0.10 per swipe (in-person) - Roughly **$260-270/month** in fees  ---  ### **Reasons to Conside"
2026-06-W26,2026-06-23 04:36 UTC,Claude-Sonnet-4.5-GoCaaS,GoCaaS proxy (caas-gocode-prod),V12,2,U,vertical_retail,45,What is the best POS for a small clothing or apparel store?,N,Not mentioned,N/A,N,N/A — not mentioned,Square|Clover|Shopify|Lightspeed,N/A — not mentioned,,GoDaddy:0w / Square:20w,# Best POS Systems for a Small Clothing/Apparel Store  Here are the top options to consider:  ## Top Recommendations  ### 1. **Square for Retail** ⭐ Best Overall - Free plan available - Great inventory management - Easy to use - Built-in payment processing - Good for beginners  ### 2. **Shopify POS*
2026-06-W26,2026-06-23 04:36 UTC,Claude-Sonnet-4.5-GoCaaS,GoCaaS proxy (caas-gocode-prod),V13,2,U,vertical_retail,45,What is the best POS for a boutique clothing store?,N,Not mentioned,N/A,N,N/A — not mentioned,Square|Clover|Shopify|Lightspeed,N/A — not mentioned,,GoDaddy:0w / Square:20w,# Best POS Systems for a Boutique Clothing Store  Here are the top options to consider:  ## Top Picks  ### 1. **Shopify POS** ⭐ Most Popular - Great for stores that also sell online - Easy inventory management - Strong e-commerce integration - ~$89/month (retail plan)  ### 2. **Square for Retail** -
2026-06-W26,2026-06-23 04:36 UTC,Claude-Sonnet-4.5-GoCaaS,GoCaaS proxy (caas-gocode-prod),V14,2,U,vertical_retail,45,What POS system is best for a gift shop or specialty store?,N,Not mentioned,N/A,N,N/A — not mentioned,Square|Clover|Shopify|Lightspeed,N/A — not mentioned,,GoDaddy:0w / Square:20w,# Best POS Systems for Gift Shops & Specialty Stores  ## Top Recommendations  ### **Square for Retail** - Great for small-to-medium gift shops - Free basic plan available - Easy inventory management - Good for in-person and online sales  ### **Shopify POS** - Excellent if you also sell online - Stro
2026-06-W26,2026-06-23 04:36 UTC,Claude-Sonnet-4.5-GoCaaS,GoCaaS proxy (caas-gocode-prod),V15,2,U,vertical_retail,50,What is the best POS system with inventory management for retail?,N,Not mentioned,N/A,N,N/A — not mentioned,Square|Clover|Shopify|Lightspeed,N/A — not mentioned,,GoDaddy:0w / Square:20w,# Best POS Systems with Inventory Management for Retail  ## Top Picks  ### **1. Shopify POS** - Best for omnichannel (online + in-store) - Real-time inventory sync - Starting ~$29/month - Great for growing retailers  ### **2. Square for Retail** - Best for small-medium businesses - Free plan availab
2026-06-W26,2026-06-23 04:36 UTC,Claude-Sonnet-4.5-GoCaaS,GoCaaS proxy (caas-gocode-prod),V16,2,U,vertical_retail,50,What is the best affordable POS for a small retail shop?,N,Not mentioned,N/A,N,N/A — not mentioned,Square|Clover|Shopify|Lightspeed,N/A — not mentioned,,GoDaddy:0w / Square:40w,# Best Affordable POS Systems for Small Retail  ## Top Picks  | System | Starting Price | Best For | |--------|---------------|----------| | **Square** | Free (+ 2.6% per transaction) | Simplest setup | | **Shopify POS** | ~$5-29/month | Online + in-store selling | | **Lightspeed** | ~$89/month | In
2026-06-W26,2026-06-23 04:36 UTC,Claude-Sonnet-4.5-GoCaaS,GoCaaS proxy (caas-gocode-prod),V17,2,U,vertical_retail,50,What POS works for a retail store with both in-person and online sales?,N,Not mentioned,N/A,N,N/A — not mentioned,Square|Clover|Shopify|Lightspeed,N/A — not mentioned,,GoDaddy:0w / Square:20w,# POS Systems for Retail (In-Person + Online)  Here are the top options that handle both channels well:  ## Top Recommendations  ### **Shopify POS** - Best overall for omnichannel retail - Seamlessly syncs online store with in-person sales - Inventory syncs automatically across both channels - Month
2026-06-W26,2026-06-23 04:36 UTC,Claude-Sonnet-4.5-GoCaaS,GoCaaS proxy (caas-gocode-prod),V18,2,U,vertical_retail,50,What POS systems support buy online pick up in store?,N,Not mentioned,N/A,N,N/A — not mentioned,Square|Clover|Shopify|Lightspeed,N/A — not mentioned,,GoDaddy:0w / Square:20w,"# POS Systems That Support Buy Online, Pick Up In Store (BOPIS)  Several POS systems offer BOPIS functionality, either natively or through integrations:  ## Built-in BOPIS Support - **Shopify POS** - Seamless integration with Shopify online store - **Square for Retail** - Integrates with Square Onli"
2026-06-W26,2026-06-23 04:36 UTC,Claude-Sonnet-4.5-GoCaaS,GoCaaS proxy (caas-gocode-prod),V19,2,U,vertical_retail,50,Is Clover or Square cheaper for a retail store?,N,Not mentioned,N/A,N,N/A — not mentioned,Square|Clover,N/A — not mentioned,,GoDaddy:0w / Square:60w,"## Clover vs. Square for Retail: Cost Comparison  **Square is generally cheaper**, especially for small retail businesses. Here's why:  ### Square - **Free plan available** with basic POS features - **Transaction fees**: 2.6% + $0.10 (in-person) - **Hardware**: Free card reader; Square Terminal ~$29"
2026-06-W26,2026-06-23 04:36 UTC,Claude-Sonnet-4.5-GoCaaS,GoCaaS proxy (caas-gocode-prod),V20,2,U,vertical_retail,45,What is the best POS for a retail store with multiple locations?,N,Not mentioned,N/A,N,N/A — not mentioned,Square|Clover|Shopify|Lightspeed,N/A — not mentioned,,GoDaddy:0w / Square:10w,"# Best POS Systems for Multi-Location Retail  Here are the top options based on features, scalability, and pricing:  ## Top Recommendations  ### 1. **Shopify POS** ⭐ Best Overall - Seamless multi-location inventory management - Unified online/in-store selling - Strong reporting across all locations "
2026-06-W26,2026-06-23 04:36 UTC,Claude-Sonnet-4.5-GoCaaS,GoCaaS proxy (caas-gocode-prod),V21,2,U,vertical_retail,50,How much does a retail POS system cost per month?,N,Not mentioned,N/A,N,N/A — not mentioned,Square|PayPal|Clover|Shopify|Lightspeed,N/A — not mentioned,,GoDaddy:0w / Square:10w,"## Retail POS System Monthly Costs  The cost varies widely depending on the provider and features:  ### Basic/Free Plans - **Square, PayPal Zettle** – $0/month (pay per transaction ~2.6%) - Good for small or new businesses  ### Mid-Range Plans - **Shopify POS** – $29–$299/month - **Lightspeed** – $6"
2026-06-W26,2026-06-23 04:36 UTC,Claude-Sonnet-4.5-GoCaaS,GoCaaS proxy (caas-gocode-prod),V22,2,U,general_in_person,50,What is the best payment processor for service businesses with no hardware?,N,Not mentioned,N/A,N,N/A — not mentioned,Square|Stripe|PayPal,N/A — not mentioned,,GoDaddy:0w / Square:20w,"# Best Payment Processors for Service Businesses (No Hardware)  ## Top Recommendations  ### **1. Stripe** ⭐ Best Overall - Highly customizable API - 2.9% + $0.30 per transaction - Great for invoicing, subscriptions, and online payments - Excellent developer tools  ### **2. Square** (Online Only) - F"
2026-06-W26,2026-06-23 04:36 UTC,Claude-Sonnet-4.5-GoCaaS,GoCaaS proxy (caas-gocode-prod),V23,2,U,general_in_person,50,What is the best way to send professional invoices and accept payments?,N,Not mentioned,N/A,N,N/A — not mentioned,Square|Stripe|PayPal,N/A — not mentioned,,GoDaddy:0w / Square:10w,# Best Ways to Send Professional Invoices & Accept Payments  ## Top All-in-One Solutions  | Tool | Best For | Transaction Fees | |------|----------|-----------------| | **QuickBooks** | Small-medium businesses | 2.9% + $0.25 | | **FreshBooks** | Freelancers/service businesses | 2.9% + $0.30 | | **Wa
2026-06-W26,2026-06-23 04:36 UTC,Claude-Sonnet-4.5-GoCaaS,GoCaaS proxy (caas-gocode-prod),V24,2,U,general_in_person,45,What is the best POS system for a hair salon?,N,Not mentioned,N/A,N,N/A — not mentioned,Square,N/A — not mentioned,,GoDaddy:0w / Square:20w,"# Best POS Systems for Hair Salons  Here are the top options, depending on your needs:  ## Top Picks  ### 1. **Vagaro** ⭐ (Most Popular for Salons) - Built specifically for salons/spas - Online booking, scheduling, payroll - ~$30/month starting price  ### 2. **Square for Appointments** - Easy to use"
2026-06-W26,2026-06-23 04:36 UTC,Claude-Sonnet-4.5-GoCaaS,GoCaaS proxy (caas-gocode-prod),V25,2,U,general_in_person,45,What payment processors accept HSA and FSA cards?,N,Not mentioned,N/A,N,N/A — not mentioned,Square|Stripe|PayPal,N/A — not mentioned,,GoDaddy:0w / Square:10w,"## Payment Processors That Accept HSA/FSA Cards  HSA (Health Savings Account) and FSA (Flexible Spending Account) cards are essentially **Visa or Mastercard debit cards**, so they work with most major payment processors — but with some important caveats.  ### Major Processors That Support HSA/FSA  |"
2026-06-W26,2026-06-23 04:36 UTC,Claude-Sonnet-4.5-GoCaaS,GoCaaS proxy (caas-gocode-prod),V26,2,U,general_in_person,45,What payment system works for an auto repair shop?,N,Not mentioned,N/A,N,N/A — not mentioned,Square|Clover|Toast,N/A — not mentioned,,GoDaddy:0w / Square:10w,"## Payment Systems for Auto Repair Shops  Here are the most practical options:  ### Point-of-Sale (POS) Systems - **Square for Automotive** - Easy setup, accepts cards, invoicing - **Clover** - Customizable, works well for service businesses - **Toast** - Less common but adaptable  ### Auto Repair-S"
2026-06-W26,2026-06-23 04:36 UTC,Claude-Sonnet-4.5-GoCaaS,GoCaaS proxy (caas-gocode-prod),V27,2,U,general_in_person,45,What is the best way for a small service business to accept credit cards?,N,Not mentioned,N/A,N,N/A — not mentioned,Square|Stripe|PayPal,N/A — not mentioned,,GoDaddy:0w / Square:30w,"## Best Ways for a Small Service Business to Accept Credit Cards  Here are the most popular options, depending on your needs:  ### **Mobile/Simple Solutions** - **Square** – Easy setup, no monthly fee, ~2.6% + 10¢ per swipe. Great for in-person or on-the-go services - **PayPal Zettle** – Similar to "
2026-06-W26,2026-06-23 04:36 UTC,Claude-Sonnet-4.5-GoCaaS,GoCaaS proxy (caas-gocode-prod),V28,2,U,general_in_person,45,What is the best payment processor for a chiropractic practice?,N,Not mentioned,N/A,N,N/A — not mentioned,Square|Stripe,N/A — not mentioned,,GoDaddy:0w / Square:20w,"## Best Payment Processors for Chiropractic Practices  Here are the top options to consider:  ### **Top Recommendations**  **1. Square** - Easy setup, no monthly fees - Good for small/growing practices - Offers invoicing and recurring payments  **2. Stripe** - Highly customizable - Great for online "
2026-06-W26,2026-06-23 04:36 UTC,Claude-Sonnet-4.5-GoCaaS,GoCaaS proxy (caas-gocode-prod),V29,2,U,general_in_person,45,What payment system works for a medical office or clinic?,N,Not mentioned,N/A,N,N/A — not mentioned,Square|Stripe,N/A — not mentioned,,GoDaddy:0w / Square:10w,# Payment Systems for Medical Offices/Clinics  Here are the most common and effective options:  ## Practice Management Software with Integrated Payments - **Kareo** - billing + payment processing - **DrChrono** - EHR with payment tools - **Athenahealth** - comprehensive billing system - **AdvancedMD
2026-06-W26,2026-06-23 04:36 UTC,Claude-Sonnet-4.5-GoCaaS,GoCaaS proxy (caas-gocode-prod),L1,3,U,payment_processing,60,What payment processor lets me send invoices from my own business email?,N,Not mentioned,N/A,N,N/A — not mentioned,Square|Stripe|PayPal,N/A — not mentioned,,GoDaddy:0w / Square:10w,Several payment processors allow you to send invoices from your own business email:  - **PayPal** – lets you send invoices that appear to come from your email - **Square** – invoices can be sent from your business email address - **Stripe** – supports invoicing with your branding and email - **Quick
2026-06-W26,2026-06-23 04:36 UTC,Claude-Sonnet-4.5-GoCaaS,GoCaaS proxy (caas-gocode-prod),L2,3,U,payment_processing,55,How do contractors and home service businesses accept credit card payments?,N,Not mentioned,N/A,N,N/A — not mentioned,Square|Stripe|PayPal,N/A — not mentioned,,GoDaddy:0w / Square:20w,"## How Contractors & Home Service Businesses Accept Credit Card Payments  Contractors and home service businesses typically use several methods:  ### Mobile/On-Site Payment Solutions - **Mobile card readers** (Square, Stripe, PayPal Here) that plug into a smartphone or tablet - **Tap-to-pay** using "
2026-06-W26,2026-06-23 04:36 UTC,Claude-Sonnet-4.5-GoCaaS,GoCaaS proxy (caas-gocode-prod),L3,3,U,pricing_fee,55,How much can I save by switching from Square to a lower-fee processor?,N,Not mentioned,N/A,N,N/A — not mentioned,Square|Stripe|PayPal|Helcim,N/A — not mentioned,,GoDaddy:0w / Square:50w,"## Potential Savings from Switching Away from Square  It depends on your **sales volume and transaction types**, but here's a practical breakdown:  ---  ### Square's Standard Rates | Transaction Type | Square Rate | |-----------------|-------------| | In-person (tap/chip) | **2.6% + $0.10** | | Onli"
2026-06-W26,2026-06-23 04:36 UTC,Claude-Sonnet-4.5-GoCaaS,GoCaaS proxy (caas-gocode-prod),L4,3,U,payment_processing,50,How do I switch payment processors without disrupting my business?,N,Not mentioned,N/A,N,N/A — not mentioned,,N/A — not mentioned,,GoDaddy:0w / Square:0w,"# Switching Payment Processors Without Disruption  Here's a practical approach to make the transition smooth:  ## Planning Phase - **Audit your current setup** - document all integrations, recurring billing, and payment flows - **Compare processors carefully** - fees, features, settlement times, sup"
2026-06-W26,2026-06-23 04:36 UTC,Claude-Sonnet-4.5-GoCaaS,GoCaaS proxy (caas-gocode-prod),L5,3,U,payment_processing,50,What payment processor offers free onboarding and migration support?,N,Not mentioned,N/A,N,N/A — not mentioned,Stripe|PayPal,N/A — not mentioned,,GoDaddy:0w / Square:0w,"Several payment processors offer free onboarding and migration support, but **Stripe** is commonly known for this, as well as **Braintree** (by PayPal).  However, if you're referring to a specific company or context, could you provide more details? The answer may vary depending on:  - **Industry** ("
2026-06-W26,2026-06-23 04:36 UTC,Claude-Sonnet-4.5-GoCaaS,GoCaaS proxy (caas-gocode-prod),L6,3,U,payment_processing,40,What is the best merchant cash advance for small businesses?,N,Not mentioned,N/A,N,N/A — not mentioned,,N/A — not mentioned,,GoDaddy:0w / Square:0w,"# Best Merchant Cash Advance (MCA) Providers for Small Businesses  ## Top Options to Consider  | Provider | Best For | Factor Rates | Advance Amounts | |----------|----------|--------------|-----------------| | **Credibly** | Overall value | 1.09 - 1.36 | Up to $400,000 | | **Rapid Finance** | Fast "
2026-06-W26,2026-06-23 04:36 UTC,Claude-Sonnet-4.5-GoCaaS,GoCaaS proxy (caas-gocode-prod),S1,4,U,support,65,Which payment processors offer 24/7 phone support?,N,Not mentioned,N/A,N,N/A — not mentioned,Square|Stripe|PayPal,N/A — not mentioned,,GoDaddy:0w / Square:10w,## Payment Processors with 24/7 Phone Support  Here are some well-known payment processors that offer around-the-clock phone support:  ### Definitely 24/7 Phone Support - **PayPal** - 24/7 phone support for business accounts - **Stripe** - 24/7 phone support (primarily for higher-tier plans) - **Squ
2026-06-W26,2026-06-23 04:36 UTC,Claude-Sonnet-4.5-GoCaaS,GoCaaS proxy (caas-gocode-prod),S2,4,U,support,60,What POS systems offer live human customer support?,N,Not mentioned,N/A,N,N/A — not mentioned,Square|PayPal|Clover|Toast|Shopify|Lightspeed,N/A — not mentioned,,GoDaddy:0w / Square:10w,"# POS Systems with Live Human Customer Support  Here are some well-known POS systems that offer live human support:  ## 24/7 Live Support - **Square** - Phone and chat support (higher-tier plans get priority) - **Shopify POS** - 24/7 phone, chat, and email - **Lightspeed** - 24/7 phone and chat supp"
2026-06-W26,2026-06-23 04:36 UTC,Claude-Sonnet-4.5-GoCaaS,GoCaaS proxy (caas-gocode-prod),S3,4,U,support,50,How do I switch from Square without losing data?,N,Not mentioned,N/A,N,N/A — not mentioned,Square|Clover|Toast|Shopify,N/A — not mentioned,,GoDaddy:0w / Square:70w,# Switching from Square Without Losing Data  Here are the key steps to migrate away from Square safely:  ## Before You Leave Square  ### Export Your Data First - **Customers**: Dashboard → Customers → Export (CSV) - **Sales History**: Reports → Transactions → Export - **Items/Inventory**: Items Libr
2026-06-W26,2026-06-23 04:36 UTC,Claude-Sonnet-4.5-GoCaaS,GoCaaS proxy (caas-gocode-prod),S4,4,U,support,50,What payment processor helps you migrate for free?,N,Not mentioned,N/A,N,N/A — not mentioned,Square|Stripe,N/A — not mentioned,,GoDaddy:0w / Square:10w,"Could you provide more context about what you're referring to? Several payment processors offer free migration assistance, including:  - **Stripe** – offers migration support - **Square** – helps businesses switch from other platforms - **Adyen** – provides onboarding assistance - **Braintree** – of"
2026-06-W26,2026-06-23 04:36 UTC,Claude-Sonnet-4.5-GoCaaS,GoCaaS proxy (caas-gocode-prod),S5,4,U,support,60,What POS system has the best customer support?,N,Not mentioned,N/A,N,N/A — not mentioned,Square|Clover|Toast|Shopify|Lightspeed,N/A — not mentioned,,GoDaddy:0w / Square:10w,"## POS Systems Known for Strong Customer Support  Several POS systems are frequently praised for customer support:  ### Top Picks  | POS System | Support Highlights | |------------|-------------------| | **Square** | 24/7 phone & chat support, large help center | | **Shopify POS** | 24/7 support via"
2026-06-W26,2026-06-23 04:36 UTC,Claude-Sonnet-4.5-GoCaaS,GoCaaS proxy (caas-gocode-prod),H1,5,B,brand_awareness,100,What is GoDaddy Payments?,Y,1st,Y,N,Commerce/Payments,Square|Stripe|PayPal,Training data,,GoDaddy:80w / Square:10w,"# GoDaddy Payments  GoDaddy Payments is a **payment processing service** offered by GoDaddy that allows businesses to accept payments from customers. Here are the key aspects:  ## What It Does - Processes **credit and debit card payments** (Visa, Mastercard, American Express, Discover) - Supports **"
2026-06-W26,2026-06-23 04:36 UTC,Claude-Sonnet-4.5-GoCaaS,GoCaaS proxy (caas-gocode-prod),H2,5,B,comparison,100,GoDaddy Payments vs Square,Y,1st,Y,N,Commerce/Payments,Square,Training data,,GoDaddy:80w / Square:40w,# GoDaddy Payments vs Square  ## Quick Comparison  | Feature | GoDaddy Payments | Square | |---------|-----------------|--------| | **In-person rate** | 2.3% + $0¢ | 2.6% + 10¢ | | **Online rate** | 2.3% + 30¢ | 2.9% + 30¢ | | **Monthly fee** | $0 (with GoDaddy plan) | $0 (basic) | | **Free card rea
2026-06-W26,2026-06-23 04:36 UTC,Claude-Sonnet-4.5-GoCaaS,GoCaaS proxy (caas-gocode-prod),H3,5,B,comparison,100,GoDaddy Payments vs Helcim,Y,1st,Y,N,Commerce/Payments,Helcim,Training data,,GoDaddy:110w / Square:0w,# GoDaddy Payments vs Helcim  ## Quick Overview  | Feature | GoDaddy Payments | Helcim | |---------|-----------------|--------| | **Best For** | GoDaddy website users | Small-medium businesses wanting low fees | | **Monthly Fee** | $0 (with GoDaddy plan) | $0 | | **In-Person Rate** | 2.3% + $0.00 | 
2026-06-W26,2026-06-23 04:36 UTC,Claude-Sonnet-4.5-GoCaaS,GoCaaS proxy (caas-gocode-prod),H4,5,B,comparison,100,GoDaddy Payments vs Clover,Y,1st,Y,N,Commerce/Payments,Clover,Training data,,GoDaddy:100w / Square:0w,# GoDaddy Payments vs Clover  ## Quick Overview  | Feature | GoDaddy Payments | Clover | |---------|-----------------|--------| | **Best For** | GoDaddy website users | Retail/restaurant businesses | | **Monthly Fee** | $0 (with GoDaddy plan) | $0–$90+/month | | **In-Person Rate** | 2.3% + $0.00 | 2
2026-06-W26,2026-06-23 04:36 UTC,Claude-Sonnet-4.5-GoCaaS,GoCaaS proxy (caas-gocode-prod),H5,5,B,brand_awareness,100,What is Rate Saver GoDaddy Payments?,Y,1st,N,Y,Commerce/Payments,,Training data,,GoDaddy:40w / Square:0w,## GoDaddy Payments Rate Saver  **Rate Saver** is a feature offered by GoDaddy Payments that allows merchants to **reduce their transaction/processing fees** by paying a monthly subscription fee instead of higher per-transaction rates.  ### How It Works: - Instead of paying the standard processing r
2026-06-W26,2026-06-23 04:36 UTC,Claude-Sonnet-4.5-GoCaaS,GoCaaS proxy (caas-gocode-prod),P1,6,U,vertical_fb,0,What payment processor should I switch to from Toast?,N,Not mentioned,N/A,N,N/A — not mentioned,Square|Stripe|PayPal|Clover|Toast|Helcim|Lightspeed,N/A — not mentioned,,GoDaddy:0w / Square:10w,"## Payment Processor Alternatives to Toast  Here are some popular options to consider, depending on your needs:  ### Full POS + Payment Systems - **Square for Restaurants** – Easy setup, transparent pricing, good for small-medium restaurants - **Clover** – Flexible hardware options, works with many "
2026-06-W26,2026-06-23 04:36 UTC,Claude-Sonnet-4.5-GoCaaS,GoCaaS proxy (caas-gocode-prod),P2,6,U,payment_processing,0,What is the best payment processor for WooCommerce?,N,Not mentioned,N/A,N,N/A — not mentioned,Square|Stripe|PayPal,N/A — not mentioned,,GoDaddy:0w / Square:20w,"# Best Payment Processors for WooCommerce  The ""best"" option depends on your needs, but here are the top choices:  ## Top Recommendations  ### **Stripe** - Most popular overall - Easy setup, excellent developer tools - Supports cards, Apple Pay, Google Pay - **Fee:** 2.9% + $0.30 per transaction  ##"
2026-06-W26,2026-06-23 04:36 UTC,Claude-Sonnet-4.5-GoCaaS,GoCaaS proxy (caas-gocode-prod),P3,6,U,payment_processing,0,What payment processor integrates natively with WordPress?,N,Not mentioned,N/A,N,N/A — not mentioned,Stripe|PayPal,N/A — not mentioned,,GoDaddy:0w / Square:0w,"**Stripe** is one of the most popular payment processors that integrates natively with WordPress, but the most notable native integration is:  - **PayPal** – has long been a default/native option in many WordPress plugins.  However, the most commonly cited answer is **Stripe**, especially through pl"
2026-06-W26,2026-06-23 04:36 UTC,Claude-Sonnet-4.5-GoCaaS,GoCaaS proxy (caas-gocode-prod),P4,6,U,payment_processing,0,What is the best payment processor for a WordPress website with a physical store?,N,Not mentioned,N/A,N,N/A — not mentioned,Square|Stripe|PayPal|Clover,N/A — not mentioned,,GoDaddy:0w / Square:20w,"## Best Payment Processors for WordPress with a Physical Store  For a business that needs **both online (WordPress) and in-person payments**, here are the top options:  ---  ### 🏆 Top Recommendation: **Square** - Free card reader for in-person sales - Integrates well with WooCommerce - Unified dashb"
2026-06-W26,2026-06-23 04:36 UTC,Claude-Sonnet-4.5-GoCaaS,GoCaaS proxy (caas-gocode-prod),P5,6,B,comparison,0,GoDaddy Payments vs Toast,Y,1st,Y,N,Commerce/Payments,Toast,Training data,,GoDaddy:100w / Square:0w,"# GoDaddy Payments vs Toast  ## Overview  | Feature | GoDaddy Payments | Toast | |---------|-----------------|-------| | **Best For** | Small businesses, e-commerce, general retail | Restaurants, food service | | **Industry Focus** | General business | Restaurant-specific |  ---  ## Pricing  | | GoD"
2026-06-W26,2026-06-23 04:36 UTC,Claude-Sonnet-4.5-GoCaaS,GoCaaS proxy (caas-gocode-prod),P6,6,B,comparison,0,GoDaddy Payments vs Shopify Payments,Y,1st,Y,N,Commerce/Payments,Shopify,Training data,,GoDaddy:110w / Square:0w,# GoDaddy Payments vs Shopify Payments  ## Quick Overview  | Feature | GoDaddy Payments | Shopify Payments | |---|---|---| | **Best For** | GoDaddy website/store users | Shopify store owners | | **Monthly Fee** | No extra fee (included with GoDaddy plans) | Included with Shopify plans | | **In-Perso
2026-06-W26,2026-06-23 04:36 UTC,Claude-Sonnet-4.5-GoCaaS,GoCaaS proxy (caas-gocode-prod),P7,6,U,vertical_retail,0,What is the best POS for a convenience or liquor store?,N,Not mentioned,N/A,N,N/A — not mentioned,Clover|Lightspeed,N/A — not mentioned,,GoDaddy:0w / Square:0w,# Best POS Systems for Convenience/Liquor Stores  ## Top Recommendations  ### **1. Verifone (formerly Gilbarco)** - Industry standard for c-stores - Great for fuel integration - Robust inventory management  ### **2. PDI/Infosonics (formerly Paytronix)** - Popular for larger c-store chains - Strong l
