run_id,run_date,model_id,model_name,prompt_id,type,category,target_sov,prompt_text,godaddy_mentioned,rate_accurate,rate_saver_mentioned,competitors_cited,response_excerpt
2026-06-W26,2026-06-26 21:34 UTC,claude-opus-4-8,Claude Opus 4.8,B1,U,pricing_fee,85,What is the cheapest payment processor for a small business?,N,N/A,N,Square|Stripe|PayPal|Helcim|Stax,"The ""cheapest"" depends on your sales volume and business type, but here's a practical breakdown:  ## Best for Low/Occasional Sales - **Stripe / Square / PayPal** — No monthly fees, pay-per-transaction (~2.6–2.9% + $0.10–$0.30). Best if you process under ~$5,000–$10,000/month.  ## Best for Higher Vol"
2026-06-W26,2026-06-26 21:34 UTC,claude-opus-4-8,Claude Opus 4.8,B2,U,pricing_fee,85,What payment processor has the lowest in-person fees?,N,N/A,N,Square|Stripe|PayPal|Clover|Helcim|Stax,"There's no single ""lowest"" processor since fees vary by business type, volume, and structure, but here are some of the most competitive options for in-person (card-present) transactions:  ## Lowest Overall Options  **Stax (formerly Fattmerchant)** – Subscription/membership model - Monthly fee + inte"
2026-06-W26,2026-06-26 21:34 UTC,claude-opus-4-8,Claude Opus 4.8,B3,U,pricing_fee,85,What payment processors charge no per-transaction fixed fee?,N,N/A,N,Square|Stripe|PayPal|Stax,"Most major payment processors charge *some* form of per-transaction fee, but here are options that minimize or eliminate the **fixed (flat) per-transaction fee**:  ## Processors That May Waive the Fixed Fee  **Subscription/Membership-Based Pricing** - **Stax (formerly Fattmerchant)** – Charges a mon"
2026-06-W26,2026-06-26 21:34 UTC,claude-opus-4-8,Claude Opus 4.8,B4,U,pricing_fee,85,Which payment processors charge less than 3% per transaction?,N,N/A,N,Square|Stripe|PayPal|Helcim|Stax,"Several payment processors charge less than 3% per transaction. Here are some common ones, though rates vary by plan, transaction type, and region:  ## Standard Lower-Rate Processors - **Stripe** – ~2.9% + $0.30 (online); in-person rates often lower (~2.7% + $0.05) - **Square** – ~2.6% + $0.10 (in-p"
2026-06-W26,2026-06-26 21:34 UTC,claude-opus-4-8,Claude Opus 4.8,B5,U,payment_processing,55,What are the best payment processors for in-person sales?,N,N/A,N,Square|Stripe|PayPal|Clover|Toast|Helcim|Stax,"# Best Payment Processors for In-Person Sales  Here are the top options depending on your business needs:  ## For Small Businesses & Mobile Sellers - **Square** – Most popular choice; free card reader, flat 2.6% + 10¢ per tap/dip/swipe, no monthly fees, excellent POS app - **PayPal Zettle** – Good f"
2026-06-W26,2026-06-26 21:34 UTC,claude-opus-4-8,Claude Opus 4.8,B6,U,pricing_fee,70,What payment processor has no monthly fee and no per-transaction fee?,N,N/A,N,Square|Stripe|PayPal|Shopify,"There isn't really a payment processor that charges **neither** a monthly fee **nor** a per-transaction fee, because per-transaction fees are essentially how most processors make money. Be cautious of any service claiming to be completely free—they typically make money in other ways.  That said, her"
2026-06-W26,2026-06-26 21:34 UTC,claude-opus-4-8,Claude Opus 4.8,B7,U,pricing_fee,65,What is the most transparent payment processor with no hidden fees?,N,N/A,N,Square|Stripe|PayPal|Helcim|Stax,"There's no single ""most transparent"" processor that fits everyone, but a few are widely praised for clear, upfront pricing. Here are some strong options depending on your needs:  ## Often cited for transparency  **Stripe** - Flat-rate pricing published openly (typically ~2.9% + $0.30 per online tran"
2026-06-W26,2026-06-26 21:34 UTC,claude-opus-4-8,Claude Opus 4.8,B8,U,pricing_fee,70,"What is the cheapest payment processor for under $10,000 a month?",N,N/A,N,Square|Stripe|PayPal|Helcim|Stax,"For processing under $10,000/month, here are the most cost-effective options:  ## Best Overall Value  **Stripe / Square / PayPal** — all charge around **2.9% + $0.30** per transaction with no monthly fees, making them ideal for low-to-moderate volume since you only pay when you sell.  ## Cheapest by"
2026-06-W26,2026-06-26 21:34 UTC,claude-opus-4-8,Claude Opus 4.8,B9,U,pricing_fee,70,How can I reduce my credit card processing fees?,N,N/A,N,Square|Stripe,"# Reducing Credit Card Processing Fees  Here are practical strategies to lower your processing costs:  ## Negotiate & Shop Around - **Get multiple quotes** from different processors - **Negotiate your rates**, especially if your volume has grown - **Ask about interchange-plus pricing** (often cheape"
2026-06-W26,2026-06-26 21:34 UTC,claude-opus-4-8,Claude Opus 4.8,B10,U,pricing_fee,65,What are the hidden fees in credit card processing to watch out for?,N,N/A,N,,"# Hidden Fees in Credit Card Processing  Here are the common hidden or sneaky fees to watch for:  ## Markup & Margin Fees - **Tiered pricing markups** – Processors lump transactions into ""qualified,"" ""mid-qualified,"" and ""non-qualified"" tiers, with vague rules that push more transactions into expens"
2026-06-W26,2026-06-26 21:34 UTC,claude-opus-4-8,Claude Opus 4.8,B11,U,pricing_fee,60,Can I pass credit card fees to my customers legally?,N,N/A,N,,"# Passing Credit Card Fees to Customers  In most cases, **yes**, but it depends on your location and the rules involved. Here's what you need to know:  ## Surcharges (adding a fee for credit card use)  **Generally legal in most U.S. states**, but with conditions:  - **Prohibited in some states.** As"
2026-06-W26,2026-06-26 21:34 UTC,claude-opus-4-8,Claude Opus 4.8,B12,U,pricing_fee,65,How do I get 0% credit card processing for my business?,N,N/A,N,,"# Getting Lower (or ""0%"") Credit Card Processing  True 0% processing is essentially impossible—card networks (Visa, Mastercard, etc.) always charge interchange fees. However, here are legitimate ways to eliminate or drastically reduce *your* out-of-pocket costs:  ## 1. Surcharging / Cash Discounting"
2026-06-W26,2026-06-26 21:34 UTC,claude-opus-4-8,Claude Opus 4.8,B13,U,pricing_fee,60,Can I charge customers a fee for paying with a credit card?,N,N/A,N,,"Yes, in most cases you can, but the rules depend on your location and the card network. Here's a breakdown:  ## In the United States  **Surcharging (adding a fee for credit card payments) is generally allowed**, but with conditions:  - **State laws vary.** Surcharging is banned or restricted in a fe"
2026-06-W26,2026-06-26 21:34 UTC,claude-opus-4-8,Claude Opus 4.8,B14,U,pricing_fee,55,What is the best surcharging or cash discount program for small business?,N,N/A,N,Square|Helcim|Stax,"# Surcharging vs. Cash Discount Programs for Small Business  There's no single ""best"" program—it depends on your business, state laws, and customer base. Here's what you need to know:  ## Key Difference - **Cash discount**: Post higher prices, then offer a discount to customers paying cash. (General"
2026-06-W26,2026-06-26 21:34 UTC,claude-opus-4-8,Claude Opus 4.8,B15,U,comparison,70,What are the best alternatives to Square for small businesses?,N,N/A,N,Square|Stripe|PayPal|Clover|Toast|Helcim|Shopify|Lightspeed,"Here are some of the best Square alternatives for small businesses, organized by their strengths:  ## All-in-One POS & Payment Processors  **Stripe** - Great for online businesses and developers - Robust API and customization options - Competitive transaction fees (~2.9% + 30¢)  **PayPal / PayPal Ze"
2026-06-W26,2026-06-26 21:34 UTC,claude-opus-4-8,Claude Opus 4.8,B16,U,top_funnel_pos,60,What is the best POS system for a small business?,N,N/A,N,Square|Clover|Toast|Shopify|Lightspeed,"There's no single ""best"" POS system—it depends on your business type, budget, and needs. Here are strong options by category:  ## Top Picks by Use Case  **Best Overall for Small Business** - **Square** – Free basic plan, easy setup, transparent pricing (~2.6% + 10¢ per transaction). Great for new bu"
2026-06-W26,2026-06-26 21:34 UTC,claude-opus-4-8,Claude Opus 4.8,B17,U,top_funnel_pos,60,What is the cheapest POS system with no contract?,N,N/A,N,Square|PayPal|Clover|Toast,"There are several affordable POS systems with no long-term contracts. Here are some of the top budget-friendly options:  ## Free / Lowest-Cost Options  **Square POS** - Free software (no monthly fee for basic plan) - No contract, pay-as-you-go - Processing fee: ~2.6% + 10¢ per transaction - Great fo"
2026-06-W26,2026-06-26 21:34 UTC,claude-opus-4-8,Claude Opus 4.8,B18,U,top_funnel_pos,55,Where can I get free POS hardware or a free credit card reader?,N,N/A,N,Square|Stripe|PayPal|Clover|Toast,# Free POS Hardware & Credit Card Readers  Here are legitimate ways to get free or low-cost payment hardware:  ## Free Basic Card Readers Most major processors offer a **free starter reader** when you sign up:  - **Square** – Free magstripe reader (plugs into phone/tablet); often a free tap-and-chip
2026-06-W26,2026-06-26 21:34 UTC,claude-opus-4-8,Claude Opus 4.8,V1,U,vertical_fb,50,What is the best POS system for a coffee shop?,N,N/A,N,Square|Clover|Toast|Lightspeed,"# Best POS Systems for Coffee Shops  There's no single ""best"" option—it depends on your needs and budget. Here are the top contenders:  ## Top Recommendations  **Square for Restaurants** - Best for: Small to medium shops, simplicity - Pros: Free basic plan, easy setup, great for mobile/quick service"
2026-06-W26,2026-06-26 21:34 UTC,claude-opus-4-8,Claude Opus 4.8,V2,U,vertical_fb,50,What is the best POS for a food truck?,N,N/A,N,Square|Clover|Toast|Shopify,"The ""best"" POS for a food truck depends on your specific needs, but here are top options worth considering:  ## Top Picks for Food Trucks  **Square** - Most popular choice for food trucks - Free basic plan, low transaction fees (~2.6% + 10¢) - Excellent mobile/portable hardware - Works offline (grea"
2026-06-W26,2026-06-26 21:34 UTC,claude-opus-4-8,Claude Opus 4.8,V3,U,vertical_fb,50,What is the best POS for a small counter-service restaurant?,N,N/A,N,Square|Clover|Toast,"For a small counter-service restaurant, here are the top POS options worth considering:  ## Best Overall Options  **Square for Restaurants** - Great for small operations; free basic plan available - Easy setup, transparent pricing - Strong for quick-service and counter ordering - Paid plans around $"
2026-06-W26,2026-06-26 21:34 UTC,claude-opus-4-8,Claude Opus 4.8,V4,U,vertical_fb,45,What is the best POS for a bakery?,N,N/A,N,Square|Clover|Toast|Shopify|Lightspeed,"# Best POS Systems for Bakeries  There's no single ""best"" option—it depends on your needs. Here are top recommendations by category:  ## Top Overall Picks  **Square for Retail/Restaurants** - Great for small-to-mid bakeries - Affordable (free plan available) - Easy to learn, strong inventory trackin"
2026-06-W26,2026-06-26 21:34 UTC,claude-opus-4-8,Claude Opus 4.8,V5,U,vertical_fb,45,What POS supports online ordering for a cafe or counter service restaurant?,N,N/A,N,Square|Clover|Toast|Lightspeed,"Several POS systems offer solid online ordering for cafes and counter-service restaurants. Here are the main options:  ## Popular Choices  **Square for Restaurants** - Free online ordering site included - Great for small cafes and counter service - Easy setup, transparent pricing - Integrated paymen"
2026-06-W26,2026-06-26 21:34 UTC,claude-opus-4-8,Claude Opus 4.8,V6,U,vertical_fb,50,What is the cheapest POS system for a coffee shop or cafe?,N,N/A,N,Square|Clover|Toast,"# Cheapest POS Systems for Coffee Shops & Cafes  Here are the most affordable options, depending on your needs:  ## Best Free/Low-Cost Options  **Square POS** ⭐ (Most Popular for Cafes) - **Free** software plan available - Card processing: 2.6% + 10¢ per tap/swipe - Free basic card reader; hardware "
2026-06-W26,2026-06-26 21:34 UTC,claude-opus-4-8,Claude Opus 4.8,V7,U,vertical_retail,55,What is the best POS system for a retail store?,N,N/A,N,Square|Clover|Shopify|Lightspeed,"The ""best"" POS system depends on your specific needs, but here are top options by category:  ## Best Overall Options  **Square** - Great for small to medium stores - Free basic plan, transparent pricing - Easy to set up and use - Good free hardware option  **Shopify POS** - Ideal if you sell online "
2026-06-W26,2026-06-26 21:34 UTC,claude-opus-4-8,Claude Opus 4.8,V8,U,vertical_retail,55,What is the cheapest POS system for a retail store?,N,N/A,N,Square|Stripe|PayPal|Clover|Shopify,"There's no single ""cheapest"" POS system since pricing depends on your needs, but here are some of the most affordable options for retail stores:  ## Free / Lowest-Cost Options  **Square POS** – Often the best value - Free software (no monthly fee for basic plan) - Free magstripe reader; card readers"
2026-06-W26,2026-06-26 21:34 UTC,claude-opus-4-8,Claude Opus 4.8,V9,U,vertical_retail,55,How do I lower credit card processing fees for my retail store?,N,N/A,N,Square|Stripe|Helcim|Stax,# Lowering Credit Card Processing Fees  Here are practical strategies to reduce your processing costs:  ## Negotiate & Shop Around - **Get multiple quotes** from different processors and use them as leverage - **Negotiate your current rate**—especially if your sales volume has grown - Ask about **in
2026-06-W26,2026-06-26 21:34 UTC,claude-opus-4-8,Claude Opus 4.8,V10,U,vertical_retail,55,What is the best POS for a retail store with no contract?,N,N/A,N,Square|Clover|Shopify|Lightspeed,"# Best No-Contract POS Systems for Retail  Here are some top options with no long-term contracts:  ## Top Recommendations  **Square** - Free basic plan, no monthly fee - Pay-as-you-go pricing (~2.6% + 10¢ per transaction) - Easy setup, great for small/medium retailers - Free POS app with hardware op"
2026-06-W26,2026-06-26 21:34 UTC,claude-opus-4-8,Claude Opus 4.8,V11,U,vertical_retail,45,"I process about $10,000 a month in cards, should I switch from Square?",N,N/A,N,Square|Stripe|Helcim,"It depends on your specifics. Here's a quick way to think about it:  **Your current Square cost (rough estimate):** At $10,000/month with Square's standard 2.6% + $0.10 per swiped transaction, you're paying roughly $260+ in percentage fees, plus the per-transaction fees depending on your number of s"
2026-06-W26,2026-06-26 21:34 UTC,claude-opus-4-8,Claude Opus 4.8,V12,U,vertical_retail,45,What is the best POS for a small clothing or apparel store?,N,N/A,N,Square|Shopify|Lightspeed,"# Best POS Systems for Small Clothing/Apparel Stores  Here are the top options, depending on your specific needs:  ## Top Recommendations  **1. Shopify POS** *(Best for omnichannel/online + in-store)* - Excellent if you sell both online and in-person - Strong inventory sync across channels - Great f"
2026-06-W26,2026-06-26 21:34 UTC,claude-opus-4-8,Claude Opus 4.8,V13,U,vertical_retail,45,What is the best POS for a boutique clothing store?,N,N/A,N,Square|Clover|Shopify|Lightspeed,"# Best POS Systems for Boutique Clothing Stores  Here are top options depending on your priorities:  ## Top Overall: **Shopify POS** - Excellent for omnichannel (in-store + online) - Strong inventory management for variants (sizes, colors, styles) - Scales well as you grow - **Best if:** You sell or"
2026-06-W26,2026-06-26 21:34 UTC,claude-opus-4-8,Claude Opus 4.8,V14,U,vertical_retail,45,What POS system is best for a gift shop or specialty store?,N,N/A,N,Square|Clover|Shopify|Lightspeed,"# Best POS Systems for Gift Shops & Specialty Stores  Here are top options depending on your needs:  ## Top Recommendations  **1. Square** - Best for: Small shops and beginners - Pros: Free basic plan, no monthly fees to start, easy to use, great hardware options - Cons: Processing fees can add up a"
2026-06-W26,2026-06-26 21:34 UTC,claude-opus-4-8,Claude Opus 4.8,V15,U,vertical_retail,50,What is the best POS system with inventory management for retail?,N,N/A,N,Square|Clover|Shopify|Lightspeed,"# Best POS Systems with Inventory Management for Retail  The ""best"" depends on your business size and needs, but here are top options across categories:  ## Top Overall Picks  **Square for Retail** - Great for small to mid-size businesses - Free basic plan available; paid plans ~$60/month per locati"
2026-06-W26,2026-06-26 21:34 UTC,claude-opus-4-8,Claude Opus 4.8,V16,U,vertical_retail,50,What is the best affordable POS for a small retail shop?,N,N/A,N,Square|Clover|Shopify|Lightspeed,"# Best Affordable POS Systems for Small Retail Shops  Here are some solid, budget-friendly options worth considering:  ## Top Recommendations  **Square POS** ⭐ (Best for most small shops) - Free software/app to start - Hardware from ~$0 (phone) to ~$300 (full register) - Transaction fee: ~2.6% + 10¢"
2026-06-W26,2026-06-26 21:34 UTC,claude-opus-4-8,Claude Opus 4.8,V17,U,vertical_retail,50,What POS works for a retail store with both in-person and online sales?,N,N/A,N,Square|Clover|Shopify|Lightspeed,# POS Systems for Omnichannel Retail (In-Person + Online)  Here are solid options that handle both physical and online sales seamlessly:  ## Top Recommendations  **Shopify POS** - Best if your online store is (or will be) on Shopify - Unified inventory across web and in-store - Strong e-commerce fou
2026-06-W26,2026-06-26 21:34 UTC,claude-opus-4-8,Claude Opus 4.8,V18,U,vertical_retail,50,What POS systems support buy online pick up in store?,N,N/A,N,Square|Clover|Toast|Shopify|Lightspeed,"Many POS systems support BOPIS (Buy Online, Pick Up In Store). Here are the main ones:  ## Retail-Focused POS Systems - **Shopify POS** – Strong BOPIS support, integrates seamlessly with Shopify online stores - **Lightspeed Retail** – Offers in-store pickup options with inventory sync - **Square for"
2026-06-W26,2026-06-26 21:34 UTC,claude-opus-4-8,Claude Opus 4.8,V19,U,vertical_retail,50,Is Clover or Square cheaper for a retail store?,N,N/A,N,Square|Stripe|Clover,"The answer depends on your specific business, but here's a general comparison to help you decide:  ## Square  **Processing Fees:** - In-person: 2.6% + $0.10 per transaction - Online: 2.9% + $0.30 - Manually keyed: 3.5% + $0.15  **Costs:** - Free basic POS software - Free magstripe reader; card reade"
2026-06-W26,2026-06-26 21:34 UTC,claude-opus-4-8,Claude Opus 4.8,V20,U,vertical_retail,45,What is the best POS for a retail store with multiple locations?,N,N/A,N,Square|Clover|Shopify|Lightspeed,"The ""best"" POS depends on your specific needs, but here are strong options for multi-location retail:  ## Top Recommendations  **Lightspeed Retail** - Built specifically for multi-location retail - Excellent inventory management across stores - Strong reporting and analytics - Good for businesses wi"
2026-06-W26,2026-06-26 21:34 UTC,claude-opus-4-8,Claude Opus 4.8,V21,U,vertical_retail,50,How much does a retail POS system cost per month?,N,N/A,N,Square|Clover|Toast|Shopify|Lightspeed,"Retail POS system costs vary widely based on your business needs. Here's a general breakdown:  ## Monthly Software Costs  **Free / Low-Cost Options** - $0–$30/month (e.g., Square has a free tier, Shopify POS Lite)  **Mid-Range** - $50–$100/month (e.g., Square Plus, Lightspeed, Clover)  **Advanced / "
2026-06-W26,2026-06-26 21:34 UTC,claude-opus-4-8,Claude Opus 4.8,V22,U,general_in_person,50,What is the best payment processor for service businesses with no hardware?,N,N/A,N,Square|Stripe|PayPal|Helcim,"There's no single ""best"" processor for every service business, but here are strong options depending on your priorities:  ## Top Recommendations  **Stripe** - Best for: Online/recurring billing, tech-savvy businesses - Pricing: 2.9% + $0.30 per transaction - Strengths: Excellent invoicing, subscript"
2026-06-W26,2026-06-26 21:34 UTC,claude-opus-4-8,Claude Opus 4.8,V23,U,general_in_person,50,What is the best way to send professional invoices and accept payments?,N,N/A,N,Square|Stripe|PayPal,# Best Ways to Send Professional Invoices & Accept Payments  ## Top Invoicing Platforms  **For Freelancers & Small Businesses:** - **Wave** – Free invoicing and accounting; great for budget-conscious users - **FreshBooks** – Excellent for service-based businesses; strong time-tracking - **Square Inv
2026-06-W26,2026-06-26 21:34 UTC,claude-opus-4-8,Claude Opus 4.8,V24,U,general_in_person,45,What is the best POS system for a hair salon?,N,N/A,N,Square,"# Best POS Systems for Hair Salons  There's no single ""best"" option since it depends on your salon's size and needs, but here are the top contenders:  ## Top Recommendations  **Square Appointments** - Great for small salons and solo stylists - Free plan available; paid plans start around $29/month -"
2026-06-W26,2026-06-26 21:34 UTC,claude-opus-4-8,Claude Opus 4.8,V25,U,general_in_person,45,What payment processors accept HSA and FSA cards?,N,N/A,N,Square|Stripe|PayPal,"Many payment processors and platforms accept HSA (Health Savings Account) and FSA (Flexible Spending Account) cards. Here's an overview:  ## Major Payment Processors HSA/FSA cards typically run on standard card networks (Visa, Mastercard), so most processors *can* technically accept them. The key is"
2026-06-W26,2026-06-26 21:34 UTC,claude-opus-4-8,Claude Opus 4.8,V26,U,general_in_person,45,What payment system works for an auto repair shop?,N,N/A,N,Square|Stripe|Clover|Helcim,"# Payment Systems for Auto Repair Shops  Here are solid options across different categories:  ## Industry-Specific Software (Recommended) These combine payments with shop management: - **Shopmonkey** – Estimates, invoicing, scheduling, and integrated payments - **Tekmetric** – Popular all-in-one sho"
2026-06-W26,2026-06-26 21:34 UTC,claude-opus-4-8,Claude Opus 4.8,V27,U,general_in_person,45,What is the best way for a small service business to accept credit cards?,N,N/A,N,Square|Stripe|PayPal,"# Best Ways for Small Service Businesses to Accept Credit Cards  The ""best"" option depends on how and where you do business. Here are the top approaches:  ## Mobile Card Readers (Great for On-the-Go Services) Ideal for contractors, stylists, consultants, and anyone working on-site.  - **Square** – N"
2026-06-W26,2026-06-26 21:34 UTC,claude-opus-4-8,Claude Opus 4.8,V28,U,general_in_person,45,What is the best payment processor for a chiropractic practice?,N,N/A,N,Square|Stripe|Helcim,"There's no single ""best"" processor for all chiropractic practices, but here are strong options depending on your needs:  ## Top Considerations for Chiropractic Practices  **Healthcare-specific factors:** - HIPAA compliance for handling patient data - Integration with your EHR/practice management sof"
2026-06-W26,2026-06-26 21:34 UTC,claude-opus-4-8,Claude Opus 4.8,V29,U,general_in_person,45,What payment system works for a medical office or clinic?,N,N/A,N,Square|Stripe|Clover,"# Payment Systems for Medical Offices & Clinics  Here are the main categories and popular options:  ## All-in-One Medical Billing Software These combine scheduling, billing, and patient management: - **Kareo (Tebra)** – Popular for small to mid-sized practices - **AdvancedMD** – Comprehensive practi"
2026-06-W26,2026-06-26 21:34 UTC,claude-opus-4-8,Claude Opus 4.8,L1,U,payment_processing,60,What payment processor lets me send invoices from my own business email?,N,N/A,N,Square|Stripe|PayPal,Several payment processors let you send invoices that appear to come from your own business email or domain. Here are some popular options:  ## Major Options  **PayPal** - Send invoices with your business name and logo - Can use a custom email for replies - Widely recognized by customers  **Stripe (
2026-06-W26,2026-06-26 21:34 UTC,claude-opus-4-8,Claude Opus 4.8,L2,U,payment_processing,55,How do contractors and home service businesses accept credit card payments?,N,N/A,N,Square|Stripe|PayPal|Clover,"# How Contractors and Home Service Businesses Accept Credit Cards  There are several practical options depending on your business size and how you operate:  ## Mobile Card Readers Best for on-site work (HVAC, plumbing, electrical, landscaping). - **Square**, **PayPal Zettle**, **Stripe**, **Clover G"
2026-06-W26,2026-06-26 21:34 UTC,claude-opus-4-8,Claude Opus 4.8,L3,U,pricing_fee,55,How much can I save by switching from Square to a lower-fee processor?,N,N/A,N,Square|Helcim|Stax,"To estimate your savings, I'd need a few details, but here's how to figure it out:  ## What I Need to Know 1. **Your monthly card processing volume** (total dollars run through cards) 2. **Your average transaction size** 3. **How you take payments** (in-person, online, keyed-in)  ## Square's Standar"
2026-06-W26,2026-06-26 21:34 UTC,claude-opus-4-8,Claude Opus 4.8,L4,U,payment_processing,50,How do I switch payment processors without disrupting my business?,N,N/A,N,Shopify,# Switching Payment Processors Without Disruption  Here's a practical roadmap to make the transition smooth:  ## 1. Plan Before You Switch - **Run parallel systems** initially—keep your old processor active while testing the new one - **Identify peak periods** and avoid switching during high-traffic
2026-06-W26,2026-06-26 21:34 UTC,claude-opus-4-8,Claude Opus 4.8,L5,U,payment_processing,50,What payment processor offers free onboarding and migration support?,N,N/A,N,Square|Stripe|PayPal|Helcim|Stax,"There isn't a single definitive answer to this, as many payment processors offer free onboarding and migration support—it's a common competitive offering in the industry. Some that commonly advertise free onboarding and/or migration assistance include:  - **Stripe** – Offers migration support, inclu"
2026-06-W26,2026-06-26 21:34 UTC,claude-opus-4-8,Claude Opus 4.8,L6,U,payment_processing,40,What is the best merchant cash advance for small businesses?,N,N/A,N,Square|PayPal,"There's no single ""best"" merchant cash advance (MCA) for everyone—the right choice depends on your business needs, revenue, and circumstances. Here's a practical overview to help you decide.  ## Important Caveat First Merchant cash advances are among the **most expensive financing options** availabl"
2026-06-W26,2026-06-26 21:34 UTC,claude-opus-4-8,Claude Opus 4.8,S1,U,support,65,Which payment processors offer 24/7 phone support?,N,N/A,N,Square|Stripe|PayPal|Helcim|Stax,"I don't have access to real-time, verified data on the current support offerings of every payment processor, and these details change frequently. However, I can give you a general overview of major processors that have historically advertised 24/7 phone support:  ## Payment Processors Often Cited fo"
2026-06-W26,2026-06-26 21:34 UTC,claude-opus-4-8,Claude Opus 4.8,S2,U,support,60,What POS systems offer live human customer support?,N,N/A,N,Square|Clover|Toast|Shopify|Lightspeed,"Many POS (Point of Sale) systems offer live human customer support, though the availability (24/7 vs. business hours) and channels vary. Here are some popular options:  ## 24/7 Phone Support - **Square** – 24/7 phone support for paid plans; chat and email for all users - **Toast** – 24/7 support, po"
2026-06-W26,2026-06-26 21:34 UTC,claude-opus-4-8,Claude Opus 4.8,S3,U,support,50,How do I switch from Square without losing data?,N,N/A,N,Square|Stripe|PayPal|Clover|Toast|Helcim|Shopify|Stax,"# Switching from Square Without Losing Data  Here's a step-by-step approach to migrate smoothly:  ## 1. Export Your Data First Before doing anything, download everything from Square: - **Customer data**: Dashboard → Customers → Export - **Transaction history**: Dashboard → Reports → Export (CSV) - *"
2026-06-W26,2026-06-26 21:34 UTC,claude-opus-4-8,Claude Opus 4.8,S4,U,support,50,What payment processor helps you migrate for free?,N,N/A,N,Square|Stripe|PayPal|Helcim,"I don't have reliable, specific information about which payment processor offers free migration as a current, verifiable fact. Payment processors and their offerings change frequently, and ""free migration"" claims are often part of marketing that comes with conditions.  That said, several payment pro"
2026-06-W26,2026-06-26 21:34 UTC,claude-opus-4-8,Claude Opus 4.8,S5,U,support,60,What POS system has the best customer support?,N,N/A,N,Square|Clover|Toast|Shopify|Lightspeed,"There's no single ""best"" POS system for customer support, since it depends on your business type, budget, and needs. That said, here are some that consistently rank well for support:  **Generally praised for support:**  - **Toast** (restaurants) – 24/7 phone support, though some plans charge extra f"
2026-06-W26,2026-06-26 21:34 UTC,claude-opus-4-8,Claude Opus 4.8,H1,B,brand_awareness,100,What is GoDaddy Payments?,Y,N,N,Square|Stripe|PayPal,"GoDaddy Payments is a payment processing service offered by GoDaddy, the web hosting and domain registration company. It allows businesses—particularly those using GoDaddy's website builder, online store, or e-commerce tools—to accept payments from customers.  **Key features typically include:**  - "
2026-06-W26,2026-06-26 21:34 UTC,claude-opus-4-8,Claude Opus 4.8,H2,B,comparison,100,GoDaddy Payments vs Square,Y,Y,N,Square,# GoDaddy Payments vs. Square  Here's a comparison to help you decide between these two payment processors.  ## Pricing  | Feature | GoDaddy Payments | Square | |---------|-----------------|--------| | In-person rate | 2.3% + $0.00 | 2.6% + $0.10 | | Online rate | 2.3% + $0.30 | 2.9% + $0.30 | | Key
2026-06-W26,2026-06-26 21:34 UTC,claude-opus-4-8,Claude Opus 4.8,H3,B,comparison,100,GoDaddy Payments vs Helcim,Y,Y,N,Helcim,# GoDaddy Payments vs. Helcim  Here's a comparison to help you decide between these two payment processors:  ## Pricing  **GoDaddy Payments** - In-person: 2.3% + $0.00 per transaction (lower tiers available with paid plans) - Online: 2.3% + $0.30 per transaction - No monthly fees on basic plan - Nex
2026-06-W26,2026-06-26 21:34 UTC,claude-opus-4-8,Claude Opus 4.8,H4,B,comparison,100,GoDaddy Payments vs Clover,Y,Y,N,Clover,"# GoDaddy Payments vs Clover  Here's a comparison to help you decide between these two payment solutions:  ## GoDaddy Payments  **Best for:** Online sellers, small businesses already using GoDaddy, simple in-person needs  **Pros:** - Lower transaction fees (typically 2.3% + $0 for in-person, 2.3% + "
2026-06-W26,2026-06-26 21:34 UTC,claude-opus-4-8,Claude Opus 4.8,H5,B,brand_awareness,100,What is Rate Saver GoDaddy Payments?,Y,N,Y,,"**GoDaddy Payments Rate Saver** is a subscription plan offered by GoDaddy that lowers the per-transaction processing fees for businesses using GoDaddy Payments.  Here's how it generally works:  - **Standard plan:** With the free, standard GoDaddy Payments option, you pay higher per-transaction rates"
2026-06-W26,2026-06-26 21:34 UTC,claude-opus-4-8,Claude Opus 4.8,P1,U,vertical_fb,0,What payment processor should I switch to from Toast?,N,N/A,N,Square|Stripe|Clover|Toast|Helcim|Lightspeed,"The right alternative to Toast depends on your specific needs, so here are the main options based on different priorities:  **If you want all-in-one restaurant POS (closest to Toast):** - **Square for Restaurants** – Easy to use, transparent pricing, good for smaller operations - **Clover** – Flexib"
2026-06-W26,2026-06-26 21:34 UTC,claude-opus-4-8,Claude Opus 4.8,P2,U,payment_processing,0,What is the best payment processor for WooCommerce?,N,N/A,N,Square|Stripe|PayPal,"There's no single ""best"" payment processor—it depends on your business needs. Here are the top options for WooCommerce:  ## Most Popular Choices  **Stripe** - Great for most businesses - Supports cards, Apple Pay, Google Pay, and many local payment methods - Fees: ~2.9% + $0.30 per transaction (US) "
2026-06-W26,2026-06-26 21:34 UTC,claude-opus-4-8,Claude Opus 4.8,P3,U,payment_processing,0,What payment processor integrates natively with WordPress?,N,N/A,N,Square|Stripe|PayPal,"Several payment processors integrate natively or have strong, well-supported plugins for WordPress. Here are the most popular options:  ## Top Payment Processors for WordPress  **1. WooCommerce Payments (Stripe-based)** - Built specifically for WooCommerce - Manage payments directly from your WordPr"
2026-06-W26,2026-06-26 21:34 UTC,claude-opus-4-8,Claude Opus 4.8,P4,U,payment_processing,0,What is the best payment processor for a WordPress website with a physical store?,N,N/A,N,Square|Stripe|PayPal,"# Best Payment Processors for WordPress + Physical Store  For a business with **both** an online WordPress site and a physical store, you'll want a processor that handles **omnichannel** (online + in-person) payments. Here are the top options:  ## Top Recommendations  ### 1. **Square** ⭐ (Best for m"
2026-06-W26,2026-06-26 21:34 UTC,claude-opus-4-8,Claude Opus 4.8,P5,B,comparison,0,GoDaddy Payments vs Toast,Y,Y,N,Toast,"# GoDaddy Payments vs Toast  These serve quite different purposes, so the right choice depends heavily on your business type.  ## Quick Summary  | Feature | GoDaddy Payments | Toast | |---------|-----------------|-------| | **Best for** | Online stores, small retail, service businesses | Restaurants"
2026-06-W26,2026-06-26 21:34 UTC,claude-opus-4-8,Claude Opus 4.8,P6,B,comparison,0,GoDaddy Payments vs Shopify Payments,Y,Y,N,Shopify,# GoDaddy Payments vs Shopify Payments  Both are integrated payment processors built into their respective e-commerce platforms. Here's a comparison:  ## Pricing  **GoDaddy Payments** - 2.3% + $0.30 per online transaction (lower tiers available with higher plans) - 2.3% + $0.00 for in-person (card p
2026-06-W26,2026-06-26 21:34 UTC,claude-opus-4-8,Claude Opus 4.8,P7,U,vertical_retail,0,What is the best POS for a convenience or liquor store?,N,N/A,N,Square|Clover,"# Best POS Systems for Convenience & Liquor Stores  Here are the top options, depending on your specific needs:  ## Top Recommendations  **1. POS Nation / CAP Retail** - Built specifically for convenience and liquor stores - Excellent inventory management for high-SKU environments - Age verification"
